"Sequence","Pos_28","RAS_28","Pos_30","RAS_30","Pos_31","RAS_31","Pos_32","RAS_32","Pos_58","RAS_58","Pos_92","RAS_92","Pos_93","RAS_93"
"OM312469.1 Hepacivirus C clone 2016-03-17_HR_336_NS5A_1a NS5A protein (NS5A) gene, partial cds","M",TRUE,"Q",FALSE,"L",FALSE,"P",FALSE,"H",FALSE,"A",FALSE,"Y",FALSE
"OM312465.1 Hepacivirus C clone 2018-08-06_HR_281_NS5A_1a NS5A protein (NS5A) gene, partial cds","M",TRUE,"Q",FALSE,"L",FALSE,"P",FALSE,"H",FALSE,"A",FALSE,"Y",FALSE
"OM312461.1 Hepacivirus C clone 2017-10-25_HR_343_NS5A_1a NS5A protein (NS5A) gene, partial cds","V",TRUE,"Q",FALSE,"L",FALSE,"P",FALSE,"H",FALSE,"A",FALSE,"Y",FALSE
"OM312459.1 Hepacivirus C clone 2019-11-13_HR_105_NS5A_1a NS5A protein (NS5A) gene, partial cds","M",TRUE,"Q",FALSE,"L",FALSE,"P",FALSE,"H",FALSE,"A",FALSE,"Y",FALSE
"OM312458.1 Hepacivirus C clone 2016-12-20_HR_323_NS5A_1a NS5A protein (NS5A) gene, partial cds","M",TRUE,"Q",FALSE,"L",FALSE,"P",FALSE,"H",FALSE,"A",FALSE,"Y",FALSE
"OM312455.1 Hepacivirus C clone 2018-09-13_HR_092_NS5A_1a NS5A protein (NS5A) gene, partial cds","M",TRUE,"Q",FALSE,"L",FALSE,"P",FALSE,"H",FALSE,"A",FALSE,"Y",FALSE
"OM312453.1 Hepacivirus C clone 2017-03-07_HR_315_NS5A_1a NS5A protein (NS5A) gene, partial cds","V",TRUE,"Q",FALSE,"L",FALSE,"P",FALSE,"H",FALSE,"A",FALSE,"Y",FALSE
"OM312445.1 Hepacivirus C clone 2018-09-20_HR_279_NS5A_1a NS5A protein (NS5A) gene, partial cds","V",TRUE,"Q",FALSE,"L",FALSE,"P",FALSE,"H",FALSE,"A",FALSE,"Y",FALSE
"OM312443.1 Hepacivirus C clone 2019-02-25_HR_123_NS5A_1a NS5A protein (NS5A) gene, partial cds","M",TRUE,"Q",FALSE,"L",FALSE,"P",FALSE,"H",FALSE,"A",FALSE,"Y",FALSE
"OM312441.1 Hepacivirus C clone 2019-08-07_HR_063_NS5A_1a NS5A protein (NS5A) gene, partial cds","M",TRUE,"Q",FALSE,"L",FALSE,"P",FALSE,"H",FALSE,"A",FALSE,"Y",FALSE
"OM312437.1 Hepacivirus C clone 2016-12-21_HR_321_NS5A_1a NS5A protein (NS5A) gene, partial cds","T",FALSE,"Q",FALSE,"L",FALSE,"P",FALSE,"H",FALSE,"A",FALSE,"Y",FALSE
"OM312433.1 Hepacivirus C clone 2017-05-05_HR_311_NS5A_1a NS5A protein (NS5A) gene, partial cds","M",TRUE,"Q",FALSE,"L",FALSE,"P",FALSE,"H",FALSE,"A",FALSE,"Y",FALSE
"OM312427.1 Hepacivirus C clone 2019-10-30_HR_050_NS5A_1a NS5A protein (NS5A) gene, partial cds","M",TRUE,"Q",FALSE,"L",FALSE,"P",FALSE,"H",FALSE,"A",FALSE,"Y",FALSE
"OM312426.1 Hepacivirus C clone 2016-03-24_HR_337_NS5A_1a NS5A protein (NS5A) gene, partial cds","M",TRUE,"Q",FALSE,"L",FALSE,"P",FALSE,"H",FALSE,"A",FALSE,"Y",FALSE
"OM312420.1 Hepacivirus C clone 2019-11-15_HR_054_NS5A_1a NS5A protein (NS5A) gene, partial cds","M",TRUE,"Q",FALSE,"L",FALSE,"P",FALSE,"H",FALSE,"A",FALSE,"Y",FALSE
"OM312411.1 Hepacivirus C clone 2019-11-05_HR_052_NS5A_1a NS5A protein (NS5A) gene, partial cds","M",TRUE,"Q",FALSE,"L",FALSE,"P",FALSE,"H",FALSE,"A",FALSE,"Y",FALSE
"OM312409.1 Hepacivirus C clone 2019-10-23_HR_051_NS5A_1a NS5A protein (NS5A) gene, partial cds","M",TRUE,"Q",FALSE,"L",FALSE,"P",FALSE,"H",FALSE,"A",FALSE,"Y",FALSE
"OM312406.1 Hepacivirus C clone 2017-02-08_HR_319_NS5A_1a NS5A protein (NS5A) gene, partial cds","M",TRUE,"Q",FALSE,"L",FALSE,"P",FALSE,"H",FALSE,"A",FALSE,"Y",FALSE
"OM312396.1 Hepacivirus C clone 2016-03-23_HR_338_NS5A_1a NS5A protein (NS5A) gene, partial cds","M",TRUE,"Q",FALSE,"L",FALSE,"P",FALSE,"H",FALSE,"A",FALSE,"Y",FALSE
"OM312391.1 Hepacivirus C clone 2019-05-29_HR_108_NS5A_1a NS5A protein (NS5A) gene, partial cds","M",TRUE,"Q",FALSE,"L",FALSE,"P",FALSE,"H",FALSE,"A",FALSE,"Y",FALSE
"OM312389.1 Hepacivirus C clone 2016-02-25_HR_341_NS5A_1a NS5A protein (NS5A) gene, partial cds","M",TRUE,"Q",FALSE,"L",FALSE,"P",FALSE,"H",FALSE,"A",FALSE,"Y",FALSE
"OM312365.1 Hepacivirus C clone 2019-01-03_HR_009_NS5A_1a NS5A protein (NS5A) gene, partial cds","M",TRUE,"Q",FALSE,"L",FALSE,"P",FALSE,"H",FALSE,"A",FALSE,"Y",FALSE
"U56600.1 Hepatitis C virus isolate 930005 non-structural 5a (NS5a) gene, partial cds","-",FALSE,"V",FALSE,"V",TRUE,"H",FALSE,"-",FALSE,"-",FALSE,"-",FALSE
"U56597.1 Hepatitis C virus isolate 929046 non-structural 5a (NS5a) gene, partial cds","-",FALSE,"V",FALSE,"V",TRUE,"H",FALSE,"-",FALSE,"-",FALSE,"-",FALSE
"U56596.1 Hepatitis C virus isolate 925963 non-structural 5a (NS5a) gene, partial cds","-",FALSE,"V",FALSE,"V",TRUE,"H",FALSE,"-",FALSE,"-",FALSE,"-",FALSE
"U56595.1 Hepatitis C virus isolate 932191 non-structural 5a (NS5a) gene, partial cds","-",FALSE,"V",FALSE,"V",TRUE,"H",FALSE,"-",FALSE,"-",FALSE,"-",FALSE
"U56594.1 Hepatitis C virus isolate 943366 non-structural 5a (NS5a) gene, partial cds","-",FALSE,"V",FALSE,"V",TRUE,"H",FALSE,"-",FALSE,"-",FALSE,"-",FALSE
"U56593.1 Hepatitis C virus isolate 928416 non-structural 5a (NS5a) gene, partial cds","-",FALSE,"V",FALSE,"V",TRUE,"H",FALSE,"-",FALSE,"-",FALSE,"-",FALSE
"U56590.1 Hepatitis C virus isolate 921500 non-structural 5a (NS5a) gene, partial cds","-",FALSE,"V",FALSE,"V",TRUE,"H",FALSE,"-",FALSE,"-",FALSE,"-",FALSE
"U56589.1 Hepatitis C virus isolate 928724 non-structural 5a (NS5a) gene, partial cds","-",FALSE,"V",FALSE,"V",TRUE,"H",FALSE,"-",FALSE,"-",FALSE,"-",FALSE
"U56588.1 Hepatitis C virus isolate 917706 non-structural 5a (NS5a) gene, partial cds","-",FALSE,"V",FALSE,"V",TRUE,"H",FALSE,"-",FALSE,"-",FALSE,"-",FALSE
"U56587.1 Hepatitis C virus isolate 867326 non-structural 5a (NS5a) gene, partial cds","-",FALSE,"V",FALSE,"V",TRUE,"H",FALSE,"-",FALSE,"-",FALSE,"-",FALSE
"U56586.1 Hepatitis C virus isolate 936036 non-structural 5a (NS5a) gene, partial cds","-",FALSE,"V",FALSE,"V",TRUE,"H",FALSE,"-",FALSE,"-",FALSE,"-",FALSE
"U56582.1 Hepatitis C virus isolate 862853 non-structural 5a (NS5a) gene, partial cds","-",FALSE,"V",FALSE,"V",TRUE,"H",FALSE,"-",FALSE,"-",FALSE,"-",FALSE
"U56581.1 Hepatitis C virus isolate 918362 non-structural 5a (NS5a) gene, partial cds","-",FALSE,"V",FALSE,"V",TRUE,"H",FALSE,"-",FALSE,"-",FALSE,"-",FALSE
"U56580.1 Hepatitis C virus isolate 936112 non-structural 5a (NS5a) gene, partial cds","-",FALSE,"V",FALSE,"V",TRUE,"H",FALSE,"-",FALSE,"-",FALSE,"-",FALSE
"U56579.1 Hepatitis C virus isolate 887413 non-structural 5a (NS5a) gene, partial cds","-",FALSE,"V",FALSE,"V",TRUE,"H",FALSE,"-",FALSE,"-",FALSE,"-",FALSE
"U56578.1 Hepatitis C virus isolate 856714 non-structural 5a (NS5a) gene, partial cds","-",FALSE,"V",FALSE,"V",TRUE,"H",FALSE,"-",FALSE,"-",FALSE,"-",FALSE
"U56577.1 Hepatitis C virus isolate 906443 non-structural 5a (NS5a) gene, partial cds","-",FALSE,"V",FALSE,"V",TRUE,"H",FALSE,"-",FALSE,"-",FALSE,"-",FALSE
"U56576.1 Hepatitis C virus isolate 939749 non-structural 5a (NS5a) gene, partial cds","-",FALSE,"V",FALSE,"V",TRUE,"H",FALSE,"-",FALSE,"-",FALSE,"-",FALSE
"U56575.1 Hepatitis C virus isolate 911738 non-structural 5a (NS5a) gene, partial cds","-",FALSE,"V",FALSE,"V",TRUE,"H",FALSE,"-",FALSE,"-",FALSE,"-",FALSE
"U56574.1 Hepatitis C virus isolate 907209 non-structural 5a (NS5a) gene, partial cds","-",FALSE,"V",FALSE,"V",TRUE,"H",FALSE,"-",FALSE,"-",FALSE,"-",FALSE
"U56572.1 Hepatitis C virus isolate 926110 non-structural 5a (NS5a) gene, partial cds","-",FALSE,"V",FALSE,"V",TRUE,"H",FALSE,"-",FALSE,"-",FALSE,"-",FALSE
"U56571.1 Hepatitis C virus isolate 925821 non-structural 5a (NS5a) gene, partial cds","-",FALSE,"V",FALSE,"V",TRUE,"H",FALSE,"-",FALSE,"-",FALSE,"-",FALSE
"U56569.1 Hepatitis C virus isolate 929169 non-structural 5a (NS5a) gene, partial cds","-",FALSE,"V",FALSE,"V",TRUE,"H",FALSE,"-",FALSE,"-",FALSE,"-",FALSE
"U56564.1 Hepatitis C virus isolate 930413 non-structural 5a (NS5a) gene, partial cds","-",FALSE,"V",FALSE,"V",TRUE,"H",FALSE,"-",FALSE,"-",FALSE,"-",FALSE
"U56563.1 Hepatitis C virus isolate 90286 non-structural 5a (NS5a) gene, partial cds","-",FALSE,"V",FALSE,"V",TRUE,"Y",FALSE,"-",FALSE,"-",FALSE,"-",FALSE
"AJ133099.1 Hepatitis C virus NS5A gene, strain HCV-1a, clone NS5A-SEN","M",TRUE,"Q",FALSE,"L",FALSE,"P",FALSE,"H",FALSE,"A",FALSE,"Y",FALSE
"AJ133098.1 Hepatitis C virus NS5A gene, strain HCV-1a, clone NS5A-RES","M",TRUE,"Q",FALSE,"L",FALSE,"P",FALSE,"H",FALSE,"A",FALSE,"Y",FALSE
"AJ133097.1 Hepatitis C virus NS5A gene, strain HCV-1a, clone NS5A-CR","V",TRUE,"Q",FALSE,"L",FALSE,"P",FALSE,"H",FALSE,"A",FALSE,"Y",FALSE
"AF009606.1 Hepatitis C virus subtype 1a polyprotein gene, complete cds","M",TRUE,"Q",FALSE,"L",FALSE,"P",FALSE,"H",FALSE,"A",FALSE,"Y",FALSE
"H77_reference","M",TRUE,"Q",FALSE,"L",FALSE,"P",FALSE,"H",FALSE,"A",FALSE,"Y",FALSE
